task_id,family,split,band_low_GHz,band_high_GHz,angles_deg,polarizations,RL_threshold_dB,required_coverage,parameterization,proposal_budget,task_file
AB36-HC-D01,Honeycomb,development,2.0,18.0,0.0,TE;TM,-10.0,0.95,HONEYCOMB_CONTINUOUS_V1,5,tasks/AB36-HC-D01.json
AB36-HC-D02,Honeycomb,development,6.0,18.0,0.0;30.0;60.0,TE;TM,-10.0,0.89,HONEYCOMB_CONTINUOUS_V1,5,tasks/AB36-HC-D02.json
AB36-HC-D03,Honeycomb,development,2.0,18.0,0.0;30.0;60.0,TE;TM,-10.0,0.855,HONEYCOMB_CONTINUOUS_V1,5,tasks/AB36-HC-D03.json
AB36-HC-D04,Honeycomb,development,2.0,18.0,30.0,TE,-10.0,0.95,HONEYCOMB_CONTINUOUS_V1,5,tasks/AB36-HC-D04.json
AB36-HC-T01,Honeycomb,test,2.0,18.0,60.0,TE,-10.0,0.51,HONEYCOMB_CONTINUOUS_V1,5,tasks/AB36-HC-T01.json
AB36-HC-T02,Honeycomb,test,6.0,18.0,60.0,TM,-11.5,0.95,HONEYCOMB_CONTINUOUS_V1,5,tasks/AB36-HC-T02.json
AB36-HC-T03,Honeycomb,test,2.0,18.0,0.0;30.0,TE;TM,-10.0,0.94,HONEYCOMB_CONTINUOUS_V1,5,tasks/AB36-HC-T03.json
AB36-HC-T04,Honeycomb,test,8.0,18.0,30.0;60.0,TE;TM,-10.0,0.855,HONEYCOMB_CONTINUOUS_V1,5,tasks/AB36-HC-T04.json
AB36-HC-V01,Honeycomb,validation,6.0,18.0,0.0;30.0,TM,-10.0,0.95,HONEYCOMB_CONTINUOUS_V1,5,tasks/AB36-HC-V01.json
AB36-HC-V02,Honeycomb,validation,8.0,18.0,60.0,TE;TM,-10.0,0.715,HONEYCOMB_CONTINUOUS_V1,5,tasks/AB36-HC-V02.json
AB36-TPMS-D01,TPMS,development,5.0,16.0,45.0,TE;TM,-5.0,0.925,LEVEL_LEGACY,5,tasks/AB36-TPMS-D01.json
AB36-TPMS-D02,TPMS,development,5.0,16.0,50.0,TE;TM,-4.5,0.925,LEVEL_LEGACY,5,tasks/AB36-TPMS-D02.json
AB36-TPMS-D03,TPMS,development,5.0,18.0,45.0;50.0,TE;TM,-5.0,0.915,LEVEL_LEGACY,5,tasks/AB36-TPMS-D03.json
AB36-TPMS-D04,TPMS,development,5.0,16.0,20.0,TE,-6.5,0.835,TARGET_VF_V1,5,tasks/AB36-TPMS-D04.json
AB36-TPMS-T01,TPMS,test,5.0,18.0,70.0,TE,-5.0,0.395,TARGET_VF_V1,5,tasks/AB36-TPMS-T01.json
AB36-TPMS-T02,TPMS,test,5.0,16.0,10.0;50.0,TM,-5.5,0.845,TARGET_VF_V1,5,tasks/AB36-TPMS-T02.json
AB36-TPMS-T03,TPMS,test,5.0,18.0,0.0;30.0;60.0,TE;TM,-5.5,0.86,TARGET_VF_V1,5,tasks/AB36-TPMS-T03.json
AB36-TPMS-T04,TPMS,test,5.0,16.0,10.0;40.0;70.0,TE;TM,-5.5,0.75,TARGET_VF_V1,5,tasks/AB36-TPMS-T04.json
AB36-TPMS-V01,TPMS,validation,5.0,18.0,40.0,TM,-5.0,0.95,TARGET_VF_V1,5,tasks/AB36-TPMS-V01.json
AB36-TPMS-V02,TPMS,validation,5.0,16.0,50.0,TE;TM,-5.5,0.65,TARGET_VF_V1,5,tasks/AB36-TPMS-V02.json
AB36-HC-T05,Honeycomb,test,2.0,18.0,0.0,TE,-10.0,0.95,HONEYCOMB_CONTINUOUS_V1,5,tasks/AB36-HC-T05.json
AB36-HC-T06,Honeycomb,test,6.0,18.0,30.0,TE,-10.0,0.945,HONEYCOMB_CONTINUOUS_V1,5,tasks/AB36-HC-T06.json
AB36-HC-T07,Honeycomb,test,8.0,18.0,60.0,TE,-10.0,0.585,HONEYCOMB_CONTINUOUS_V1,5,tasks/AB36-HC-T07.json
AB36-HC-T08,Honeycomb,test,2.0,18.0,0.0,TM,-10.0,0.615,HONEYCOMB_CONTINUOUS_V1,5,tasks/AB36-HC-T08.json
AB36-HC-T09,Honeycomb,test,6.0,18.0,30.0,TM,-10.5,0.9,HONEYCOMB_CONTINUOUS_V1,5,tasks/AB36-HC-T09.json
AB36-HC-T10,Honeycomb,test,2.0,18.0,30.0;60.0,TM,-11.5,0.95,HONEYCOMB_CONTINUOUS_V1,5,tasks/AB36-HC-T10.json
AB36-HC-T11,Honeycomb,test,2.0,18.0,0.0;60.0,TE;TM,-10.0,0.765,HONEYCOMB_CONTINUOUS_V1,5,tasks/AB36-HC-T11.json
AB36-HC-T12,Honeycomb,test,6.0,18.0,0.0;30.0;60.0,TE;TM,-10.5,0.86,HONEYCOMB_CONTINUOUS_V1,5,tasks/AB36-HC-T12.json
AB36-TPMS-T05,TPMS,test,8.0,18.0,60.0,TE,-5.0,0.315,TARGET_VF_V1,5,tasks/AB36-TPMS-T05.json
AB36-TPMS-T06,TPMS,test,2.0,12.0,20.0;60.0,TM,-5.0,0.5,TARGET_VF_V1,5,tasks/AB36-TPMS-T06.json
AB36-TPMS-T07,TPMS,test,4.0,14.0,40.0,TM,-5.0,0.905,TARGET_VF_V1,5,tasks/AB36-TPMS-T07.json
AB36-TPMS-T08,TPMS,test,4.0,14.0,10.0;50.0,TM,-5.0,0.885,TARGET_VF_V1,5,tasks/AB36-TPMS-T08.json
AB36-TPMS-T09,TPMS,test,4.0,14.0,40.0,TE;TM,-5.5,0.84,TARGET_VF_V1,5,tasks/AB36-TPMS-T09.json
AB36-TPMS-T10,TPMS,test,5.0,18.0,0.0;30.0;50.0,TE;TM,-5.5,0.82,TARGET_VF_V1,5,tasks/AB36-TPMS-T10.json
AB36-TPMS-T11,TPMS,test,5.0,18.0,0.0;20.0;40.0,TE;TM,-6.0,0.9,TARGET_VF_V1,5,tasks/AB36-TPMS-T11.json
AB36-TPMS-T12,TPMS,test,5.0,16.0,10.0;30.0;50.0,TE;TM,-5.5,0.805,TARGET_VF_V1,5,tasks/AB36-TPMS-T12.json
