topology,target_vf,level_half_width,achieved_vf_64
Primitive,0.1,0.17385168562373615,0.0999755859375
Primitive,0.11,0.1943629192371218,0.11004638671875
Primitive,0.12,0.21277243452646244,0.1199951171875
Primitive,0.13,0.2319671687057543,0.13006591796875
Primitive,0.14,0.2429801799032637,0.139862060546875
Primitive,0.15,0.2590331176496336,0.1500244140625
Primitive,0.16,0.2805349519628414,0.1600341796875
Primitive,0.17,0.29750125842289077,0.16998291015625
Primitive,0.18,0.31883983025784873,0.1800537109375
Primitive,0.19,0.3336699989845947,0.18994140625
Primitive,0.2,0.34376194154606254,0.20001220703125
Primitive,0.21,0.3666191766528485,0.2099609375
Primitive,0.22,0.3840470261081641,0.219970703125
Primitive,0.23,0.40628202390016105,0.23004150390625
Primitive,0.24,0.42333357023719664,0.23992919921875
Primitive,0.25,0.43169601647394906,0.25
Primitive,0.26,0.4531289462901574,0.260009765625
Primitive,0.27,0.47518753821204207,0.27001953125
Primitive,0.28,0.49340848543684435,0.28009033203125
Primitive,0.29,0.5118838493096846,0.28997802734375
Primitive,0.3,0.5223612565120109,0.30010986328125
Primitive,0.31,0.5401110548825093,0.31005859375
Primitive,0.32,0.560363427316393,0.32000732421875
Primitive,0.33,0.5779129575864744,0.329986572265625
Primitive,0.34,0.5956993044924334,0.34039306640625
Primitive,0.35,0.6105283442127201,0.35003662109375
Primitive,0.36,0.6252982717238471,0.360107421875
Primitive,0.37,0.6461449622732303,0.3699951171875
Primitive,0.38,0.6704215008930627,0.3800048828125
Primitive,0.39,0.6809264659071207,0.38995361328125
Primitive,0.4,0.7002723993464751,0.4000244140625
Primitive,0.41,0.7146956840212831,0.409912109375
Primitive,0.42,0.735845082061292,0.4200439453125
Primitive,0.43,0.7505700715953503,0.4300537109375
Primitive,0.44,0.769438313366482,0.44000244140625
Primitive,0.45,0.7896118100682789,0.449951171875
Primitive,0.46,0.8032075314806449,0.460723876953125
Primitive,0.47,0.8172657477889071,0.47003173828125
Primitive,0.48,0.8383826765609177,0.47991943359375
Primitive,0.49,0.8577286100002719,0.49005126953125
Primitive,0.5,0.8737815477466416,0.5
Primitive,0.51,0.8938727715187069,0.50994873046875
Primitive,0.52,0.9039892931234433,0.52044677734375
Primitive,0.53,0.9229358058505873,0.52996826171875
Primitive,0.54,0.9415440651830208,0.540771484375
Primitive,0.55,0.9612406841455949,0.550048828125
Primitive,0.56,0.9798489434780284,0.55999755859375
Primitive,0.57,0.9946545331615049,0.57000732421875
Primitive,0.58,1.0038004713087063,0.580078125
Primitive,0.59,1.0329989795856414,0.59002685546875
Primitive,0.6,1.053526758783052,0.59991455078125
Primitive,0.61,1.0743300957706023,0.6099853515625
Primitive,0.62,1.0927051296941284,0.62005615234375
Primitive,0.63,1.1166035634053222,0.6300048828125
Primitive,0.64,1.1421370050110826,0.6400146484375
Primitive,0.65,1.1663894007657822,0.6500244140625
Primitive,0.66,1.1889548351420307,0.65997314453125
Primitive,0.67,1.2160248911265188,0.6700439453125
Primitive,0.68,1.242799317621909,0.68011474609375
Primitive,0.69,1.2685035515420695,0.6898193359375
Primitive,0.7,1.2922564051158956,0.699981689453125
Primitive,0.71,1.3260319575633264,0.71002197265625
Primitive,0.72,1.355699555451967,0.71990966796875
Primitive,0.73,1.3806120608811434,0.72998046875
Primitive,0.74,1.4179559615776531,0.739990234375
Primitive,0.75,1.4477642862422442,0.74993896484375
Primitive,0.76,1.4754182239628726,0.760009765625
Primitive,0.77,1.5142056670255553,0.77008056640625
Primitive,0.78,1.5496120610278128,0.780029296875
Primitive,0.79,1.5833971608643784,0.78997802734375
Primitive,0.8,1.621496960783025,0.800048828125
Primitive,0.81,1.6596286748537556,0.81011962890625
Primitive,0.82,1.6973593414849297,0.8199462890625
Primitive,0.83,1.7433163671180079,0.83001708984375
Primitive,0.84,1.78399010069244,0.84002685546875
Primitive,0.85,1.82646192940336,0.84991455078125
Primitive,0.86,1.8661774182395108,0.85992431640625
Primitive,0.87,1.9197590350722986,0.8699951171875
Primitive,0.88,1.9675306586859271,0.88006591796875
Primitive,0.89,2.0173819983512242,0.8900146484375
Primitive,0.9,2.076636434952351,0.90008544921875
Gyroid,0.1,0.15208838410445613,0.1000213623046875
Gyroid,0.11,0.17205664494674577,0.1100006103515625
Gyroid,0.12,0.18965308097645872,0.12000274658203125
Gyroid,0.13,0.20478198163232347,0.1300048828125
Gyroid,0.14,0.21575631189667843,0.14000701904296875
Gyroid,0.15,0.2323506589332015,0.15000152587890625
Gyroid,0.16,0.24587031015804905,0.16004180908203125
Gyroid,0.17,0.26182622075943374,0.1699981689453125
Gyroid,0.18,0.27757539575017687,0.180023193359375
Gyroid,0.19,0.2974904162550325,0.190032958984375
Gyroid,0.2,0.314096666636052,0.19998931884765625
Gyroid,0.21,0.3262543981987668,0.2099609375
Gyroid,0.22,0.3402326606433593,0.2199859619140625
Gyroid,0.23,0.3526696105759244,0.2299957275390625
Gyroid,0.24,0.3705886686228964,0.239990234375
Gyroid,0.25,0.3899101391047245,0.25002288818359375
Gyroid,0.26,0.40345109648225064,0.26000213623046875
Gyroid,0.27,0.4185029460752745,0.27001953125
Gyroid,0.28,0.43450119513933644,0.279998779296875
Gyroid,0.29,0.44540936464518227,0.28997802734375
Gyroid,0.3,0.45996516628735024,0.3000335693359375
Gyroid,0.31,0.4821095534054499,0.3100128173828125
Gyroid,0.32,0.4972868178215365,0.32000732421875
Gyroid,0.33,0.5097041663588766,0.3299713134765625
Gyroid,0.34,0.5216556800484858,0.33998870849609375
Gyroid,0.35,0.5373743058299183,0.35004425048828125
Gyroid,0.36,0.5561934633097555,0.36005401611328125
Gyroid,0.37,0.5718353902613387,0.3700408935546875
Gyroid,0.38,0.5898563167439184,0.37999725341796875
Gyroid,0.39,0.6044682028201404,0.389984130859375
Gyroid,0.4,0.6134947733186316,0.400054931640625
Gyroid,0.41,0.6261933635710449,0.41001129150390625
Gyroid,0.42,0.6448432577953853,0.4200286865234375
Gyroid,0.43,0.6662962004084535,0.42999267578125
Gyroid,0.44,0.6779880845903743,0.44005584716796875
Gyroid,0.45,0.6912878184607573,0.4499969482421875
Gyroid,0.46,0.7052971804268412,0.45998382568359375
Gyroid,0.47,0.7228517086812417,0.4699554443359375
Gyroid,0.48,0.7327243079078914,0.4800262451171875
Gyroid,0.49,0.7539283705697222,0.489990234375
Gyroid,0.5,0.7694917145080094,0.5000152587890625
Gyroid,0.51,0.7801875912741587,0.5100021362304688
Gyroid,0.52,0.7908849524337322,0.52001953125
Gyroid,0.53,0.8117979971049776,0.5299530029296875
Gyroid,0.54,0.829797489594459,0.539947509765625
Gyroid,0.55,0.8423789173503085,0.5500030517578125
Gyroid,0.56,0.8557592415198592,0.5600509643554688
Gyroid,0.57,0.8671222093830002,0.57000732421875
Gyroid,0.58,0.8804781824673256,0.5799942016601562
Gyroid,0.59,0.8993859793872944,0.589996337890625
Gyroid,0.6,0.918152791989968,0.5999908447265625
Gyroid,0.61,0.9317767102384501,0.6100311279296875
Gyroid,0.62,0.94170178371514,0.6199951171875
Gyroid,0.63,0.9550695206788584,0.6300048828125
Gyroid,0.64,0.9722994158517724,0.6399765014648438
Gyroid,0.65,0.9878193910477296,0.6500396728515625
Gyroid,0.66,1.000997275759455,0.6600341796875
Gyroid,0.67,1.014183301551821,0.6699600219726562
Gyroid,0.68,1.0288905541911073,0.6798629760742188
Gyroid,0.69,1.0441932968369771,0.6899566650390625
Gyroid,0.7,1.0580514265148928,0.700042724609375
Gyroid,0.71,1.071519184144738,0.7101058959960938
Gyroid,0.72,1.0849751843398285,0.7200241088867188
Gyroid,0.73,1.1001040849956927,0.7299957275390625
Gyroid,0.74,1.1160666276635514,0.740020751953125
Gyroid,0.75,1.129419828159155,0.7500762939453125
Gyroid,0.76,1.1404255335553886,0.760009765625
Gyroid,0.77,1.155543975578383,0.769927978515625
Gyroid,0.78,1.1701857955461579,0.7799072265625
Gyroid,0.79,1.1819702998397408,0.78997802734375
Gyroid,0.8,1.199117906430178,0.800018310546875
Gyroid,0.81,1.210672266781381,0.8099517822265625
Gyroid,0.82,1.2235294354082793,0.8199615478515625
Gyroid,0.83,1.2378887519616364,0.830047607421875
Gyroid,0.84,1.2515947357040238,0.8399734497070312
Gyroid,0.85,1.2667542679862682,0.8498992919921875
Gyroid,0.86,1.2750370503200519,0.85992431640625
Gyroid,0.87,1.2920154791430167,0.8699951171875
Gyroid,0.88,1.3047362420124218,0.880096435546875
Gyroid,0.89,1.3171966420818226,0.889923095703125
Gyroid,0.9,1.3295646738552185,0.90008544921875
Diamond,0.1,0.12381049700863128,0.10007476806640625
Diamond,0.11,0.13869735454099566,0.109954833984375
Diamond,0.12,0.14790049043483477,0.12001800537109375
Diamond,0.13,0.15414499431550505,0.129974365234375
Diamond,0.14,0.17172498561772748,0.1399993896484375
Diamond,0.15,0.18436857544510632,0.1500091552734375
Diamond,0.16,0.20071036628202826,0.15997314453125
Diamond,0.17,0.2090989211850747,0.16999053955078125
Diamond,0.18,0.21798566874089842,0.180084228515625
Diamond,0.19,0.23099146234568613,0.1900177001953125
Diamond,0.2,0.24181016392379082,0.19995880126953125
Diamond,0.21,0.25667482555410526,0.21001434326171875
Diamond,0.22,0.2651172714673739,0.2199859619140625
Diamond,0.23,0.2808107082672493,0.22998046875
Diamond,0.24,0.29711032544979843,0.2400360107421875
Diamond,0.25,0.306402954440688,0.25
Diamond,0.26,0.32227701220714006,0.2599639892578125
Diamond,0.27,0.3305045566100897,0.27001190185546875
Diamond,0.28,0.33903976506476247,0.2800140380859375
Diamond,0.29,0.3473986670830173,0.28986358642578125
Diamond,0.3,0.36428507813307304,0.299957275390625
Diamond,0.31,0.37741300029105557,0.31005096435546875
Diamond,0.32,0.39089689743692785,0.32000732421875
Diamond,0.33,0.403533097023309,0.3299407958984375
Diamond,0.34,0.41335067647409385,0.3399658203125
Diamond,0.35,0.4254962987927209,0.35009765625
Diamond,0.36,0.4376688834312512,0.3600616455078125
Diamond,0.37,0.44770972889943095,0.37003326416015625
Diamond,0.38,0.4611230935448737,0.3800811767578125
Diamond,0.39,0.47208124416136454,0.3899688720703125
Diamond,0.4,0.4857549533936901,0.39997100830078125
Diamond,0.41,0.49995112308160794,0.4099578857421875
Diamond,0.42,0.5079461875983495,0.420013427734375
Diamond,0.43,0.518953771535703,0.43010711669921875
Diamond,0.44,0.5317706827812415,0.4399871826171875
Diamond,0.45,0.5478136628265687,0.44994354248046875
Diamond,0.46,0.5627367117644696,0.45989990234375
Diamond,0.47,0.5705848845186169,0.46982574462890625
Diamond,0.48,0.5860292274056704,0.47998809814453125
Diamond,0.49,0.597309231696246,0.48981475830078125
Diamond,0.5,0.6062764285162481,0.5
Diamond,0.51,0.6153822539942968,0.5101089477539062
Diamond,0.52,0.6257646328991936,0.5201187133789062
Diamond,0.53,0.6426418517152771,0.5298233032226562
Diamond,0.54,0.6568598095658704,0.5400009155273438
Diamond,0.55,0.6629812147195189,0.5499801635742188
Diamond,0.56,0.6811246868789949,0.5599899291992188
Diamond,0.57,0.6852818531994582,0.5699539184570312
Diamond,0.58,0.7014455669807933,0.5800552368164062
Diamond,0.59,0.7110645132211846,0.590087890625
Diamond,0.6,0.7267467083987708,0.600006103515625
Diamond,0.61,0.7360180869125696,0.6099700927734375
Diamond,0.62,0.7495288654824583,0.6199493408203125
Diamond,0.63,0.7564491001991971,0.6301956176757812
Diamond,0.64,0.7686216848377272,0.640106201171875
Diamond,0.65,0.7822050341693625,0.65008544921875
Diamond,0.66,0.7935473546703754,0.6600494384765625
Diamond,0.67,0.808088107733887,0.6698837280273438
Diamond,0.68,0.8207951040207813,0.680145263671875
Diamond,0.69,0.8327340988379063,0.689971923828125
Diamond,0.7,0.8405022651674571,0.6997451782226562
Diamond,0.71,0.8487642004773207,0.7098159790039062
Diamond,0.72,0.86241142399149,0.7200469970703125
Diamond,0.73,0.8757523193839124,0.7301788330078125
Diamond,0.74,0.8808589515618578,0.7400665283203125
Diamond,0.75,0.9002050645686245,0.75
Diamond,0.76,0.9113742568790069,0.7600479125976562
Diamond,0.77,0.9261915715808887,0.7697906494140625
Diamond,0.78,0.9307724815156909,0.779998779296875
Diamond,0.79,0.9462150308036638,0.7899017333984375
Diamond,0.8,0.953894882216075,0.800048828125
Diamond,0.81,0.9653602875739009,0.8102264404296875
Diamond,0.82,0.9747944084594667,0.8200912475585938
Diamond,0.83,0.9904837444427528,0.8299789428710938
Diamond,0.84,1.003912511912733,0.8398818969726562
Diamond,0.85,1.0175337067569548,0.8496322631835938
Diamond,0.86,1.028435281643634,0.8597869873046875
Diamond,0.87,1.0405646762969942,0.8701171875
Diamond,0.88,1.054292241084868,0.8796768188476562
Diamond,0.89,1.0799756042932873,0.8900222778320312
Diamond,0.9,1.0938025731536016,0.9003372192382812
